<?xml version="1.0"?>
<!--Generated with glade3 3.4.5 on Tue Mar 17 10:32:33 2009 -->
<interface>
  <object class="GtkAdjustment" id="adjustment1">
    <property name="upper">200</property>
    <property name="lower">5</property>
    <property name="page_increment">10</property>
    <property name="step_increment">1</property>
    <property name="page_size">0</property>
    <property name="value">5</property>
  </object>
  <object class="GtkAdjustment" id="adjustment2">
    <property name="upper">500</property>
    <property name="lower">1</property>
    <property name="page_increment">10</property>
    <property name="step_increment">1</property>
    <property name="page_size">0</property>
    <property name="value">1</property>
  </object>
  <object class="GtkAdjustment" id="adjustment3">
    <property name="upper">100</property>
    <property name="lower">0</property>
    <property name="page_increment">10</property>
    <property name="step_increment">1</property>
    <property name="page_size">0</property>
    <property name="value">0</property>
  </object>
  <object class="GtkWindow" id="window">
    <property name="width_request">640</property>
    <property name="height_request">480</property>
    <property name="default_width">800</property>
    <property name="default_height">600</property>
    <signal handler="on_window_destroy" name="destroy"/>
    <child>
      <object class="GtkVBox" id="vbox1">
        <property name="visible">True</property>
        <child>
          <object class="GtkHBox" id="hbox1">
            <property name="visible">True</property>
            <child>
              <object class="GtkVBox" id="vbox4">
                <property name="visible">True</property>
                <child>
                  <object class="GtkDrawingArea" id="drawing_area">
                    <property name="visible">True</property>
                    <property name="can_focus">True</property>
                    <property name="has_focus">True</property>
                    <property name="is_focus">True</property>
                    <property name="can_default">True</property>
                    <property name="has_default">True</property>
                    <property name="receives_default">True</property>
                    <property name="events">GDK_POINTER_MOTION_MASK | GDK_BUTTON_MOTION_MASK | GDK_BUTTON1_MOTION_MASK | GDK_BUTTON2_MOTION_MASK | GDK_BUTTON3_MOTION_MASK | GDK_BUTTON_PRESS_MASK | GDK_BUTTON_RELEASE_MASK | GDK_KEY_PRESS_MASK | GDK_KEY_RELEASE_MASK | GDK_STRUCTURE_MASK | GDK_SCROLL_MASK</property>
                    <signal handler="on_drawing_area_button_press_event" name="button_press_event"/>
                    <signal handler="on_drawing_area_motion_notify_event" name="motion_notify_event"/>
                    <signal handler="on_drawing_area_key_press_event" name="key_press_event"/>
                    <signal handler="on_drawing_area_button_release_event" name="button_release_event"/>
                    <signal handler="on_drawing_area_scroll_event" name="scroll_event"/>
                  </object>
                </child>
              </object>
            </child>
            <child>
              <object class="GtkVBox" id="vbox2">
                <property name="visible">True</property>
                <child>
                  <object class="GtkHBox" id="hbox3">
                    <property name="visible">True</property>
                    <child>
                      <object class="GtkLabel" id="label1">
                        <property name="visible">True</property>
                        <property name="label" translatable="yes">Hertz: </property>
                        <property name="justify">GTK_JUSTIFY_RIGHT</property>
                      </object>
                    </child>
                    <child>
                      <object class="GtkSpinButton" id="hertz">
                        <property name="visible">True</property>
                        <property name="can_focus">True</property>
                        <property name="adjustment">adjustment1</property>
                        <signal handler="on_hertz_value_changed" name="value_changed"/>
                      </object>
                      <packing>
                        <property name="expand">False</property>
                        <property name="fill">False</property>
                        <property name="position">1</property>
                      </packing>
                    </child>
                  </object>
                  <packing>
                    <property name="expand">False</property>
                    <property name="fill">False</property>
                  </packing>
                </child>
                <child>
                  <object class="GtkHSeparator" id="hseparator2">
                    <property name="visible">True</property>
                  </object>
                  <packing>
                    <property name="expand">False</property>
                    <property name="padding">4</property>
                    <property name="position">1</property>
                  </packing>
                </child>
                <child>
                  <object class="GtkHBox" id="hbox4">
                    <property name="visible">True</property>
                    <child>
                      <object class="GtkLabel" id="label2">
                        <property name="visible">True</property>
                        <property name="label" translatable="yes">Position Iterations: </property>
                      </object>
                    </child>
                    <child>
                      <object class="GtkSpinButton" id="position_iterations">
                        <property name="visible">True</property>
                        <property name="can_focus">True</property>
                        <property name="adjustment">adjustment2</property>
                        <signal handler="on_position_iterations_value_changed" name="value_changed"/>
                      </object>
                      <packing>
                        <property name="expand">False</property>
                        <property name="fill">False</property>
                        <property name="position">1</property>
                      </packing>
                    </child>
                  </object>
                  <packing>
                    <property name="expand">False</property>
                    <property name="fill">False</property>
                    <property name="position">2</property>
                  </packing>
                </child>
                <child>
                  <object class="GtkHBox" id="hbox2">
                    <property name="visible">True</property>
                    <child>
                      <object class="GtkLabel" id="label5">
                        <property name="visible">True</property>
                        <property name="label" translatable="yes">Velocity Iterations: </property>
                      </object>
                    </child>
                    <child>
                      <object class="GtkSpinButton" id="velocity_iterations">
                        <property name="visible">True</property>
                        <property name="can_focus">True</property>
                        <property name="adjustment">adjustment3</property>
                        <signal handler="on_velocity_iterations_value_changed" name="value_changed"/>
                      </object>
                      <packing>
                        <property name="expand">False</property>
                        <property name="fill">False</property>
                        <property name="position">1</property>
                      </packing>
                    </child>
                  </object>
                  <packing>
                    <property name="expand">False</property>
                    <property name="fill">False</property>
                    <property name="position">3</property>
                  </packing>
                </child>
                <child>
                  <object class="GtkHSeparator" id="hseparator1">
                    <property name="visible">True</property>
                  </object>
                  <packing>
                    <property name="expand">False</property>
                    <property name="padding">4</property>
                    <property name="position">4</property>
                  </packing>
                </child>
                <child>
                  <object class="GtkFrame" id="frame1">
                    <property name="visible">True</property>
                    <property name="label_xalign">0</property>
                    <property name="shadow_type">GTK_SHADOW_NONE</property>
                    <child>
                      <object class="GtkAlignment" id="alignment1">
                        <property name="visible">True</property>
                        <property name="left_padding">12</property>
                        <child>
                          <object class="GtkVBox" id="vbox3">
                            <property name="visible">True</property>
                            <child>
                              <object class="GtkCheckButton" id="draw_shapes">
                                <property name="visible">True</property>
                                <property name="can_focus">True</property>
                                <property name="label" translatable="yes">Shapes	</property>
                                <property name="draw_indicator">True</property>
                                <signal handler="on_draw_toggled" name="toggled"/>
                              </object>
                            </child>
                            <child>
                              <object class="GtkCheckButton" id="draw_joints">
                                <property name="visible">True</property>
                                <property name="can_focus">True</property>
                                <property name="label" translatable="yes">Joints</property>
                                <property name="draw_indicator">True</property>
                                <signal handler="on_draw_toggled" name="toggled"/>
                              </object>
                              <packing>
                                <property name="position">1</property>
                              </packing>
                            </child>
                            <child>
                              <object class="GtkCheckButton" id="draw_controlers">
                                <property name="visible">True</property>
                                <property name="can_focus">True</property>
                                <property name="label" translatable="yes">Controllers</property>
                                <property name="draw_indicator">True</property>
                                <signal handler="on_draw_toggled" name="toggled"/>
                              </object>
                              <packing>
                                <property name="position">2</property>
                              </packing>
                            </child>
                            <child>
                              <object class="GtkCheckButton" id="draw_core_shapes">
                                <property name="visible">True</property>
                                <property name="can_focus">True</property>
                                <property name="label" translatable="yes">Core Shapes</property>
                                <property name="draw_indicator">True</property>
                                <signal handler="on_draw_toggled" name="toggled"/>
                              </object>
                              <packing>
                                <property name="position">3</property>
                              </packing>
                            </child>
                            <child>
                              <object class="GtkCheckButton" id="draw_aabbs">
                                <property name="visible">True</property>
                                <property name="can_focus">True</property>
                                <property name="label" translatable="yes">AABBs</property>
                                <property name="draw_indicator">True</property>
                                <signal handler="on_draw_toggled" name="toggled"/>
                              </object>
                              <packing>
                                <property name="position">4</property>
                              </packing>
                            </child>
                            <child>
                              <object class="GtkCheckButton" id="draw_obbs">
                                <property name="visible">True</property>
                                <property name="can_focus">True</property>
                                <property name="label" translatable="yes">OBBs</property>
                                <property name="draw_indicator">True</property>
                                <signal handler="on_draw_toggled" name="toggled"/>
                              </object>
                              <packing>
                                <property name="position">5</property>
                              </packing>
                            </child>
                            <child>
                              <object class="GtkCheckButton" id="draw_pairs">
                                <property name="visible">True</property>
                                <property name="can_focus">True</property>
                                <property name="label" translatable="yes">Pairs</property>
                                <property name="draw_indicator">True</property>
                                <signal handler="on_draw_toggled" name="toggled"/>
                              </object>
                              <packing>
                                <property name="position">6</property>
                              </packing>
                            </child>
                            <child>
                              <object class="GtkCheckButton" id="draw_center_of_masses">
                                <property name="visible">True</property>
                                <property name="can_focus">True</property>
                                <property name="label" translatable="yes">Center of Masses</property>
                                <property name="draw_indicator">True</property>
                                <signal handler="on_draw_toggled" name="toggled"/>
                              </object>
                              <packing>
                                <property name="position">7</property>
                              </packing>
                            </child>
                          </object>
                        </child>
                      </object>
                    </child>
                    <child type="label">
                      <object class="GtkLabel" id="label4">
                        <property name="visible">True</property>
                        <property name="label" translatable="yes">&lt;b&gt;Draw&lt;/b&gt;</property>
                        <property name="use_markup">True</property>
                      </object>
                    </child>
                  </object>
                  <packing>
                    <property name="expand">False</property>
                    <property name="fill">False</property>
                    <property name="position">5</property>
                  </packing>
                </child>
                <child>
                  <object class="GtkHSeparator" id="hseparator4">
                    <property name="visible">True</property>
                  </object>
                  <packing>
                    <property name="expand">False</property>
                    <property name="padding">4</property>
                    <property name="position">6</property>
                  </packing>
                </child>
                <child>
                  <object class="GtkCheckButton" id="antialiasing">
                    <property name="visible">True</property>
                    <property name="can_focus">True</property>
                    <property name="label" translatable="yes">Draw with Antialiasing</property>
                    <property name="draw_indicator">True</property>
                    <signal handler="on_antialiasing_toggled" name="toggled"/>
                  </object>
                  <packing>
                    <property name="expand">False</property>
                    <property name="fill">False</property>
                    <property name="position">7</property>
                  </packing>
                </child>
                <child>
                  <object class="GtkHSeparator" id="hseparator5">
                    <property name="visible">True</property>
                  </object>
                  <packing>
                    <property name="expand">False</property>
                    <property name="padding">4</property>
                    <property name="position">8</property>
                  </packing>
                </child>
                <child>
                  <object class="GtkHButtonBox" id="hbuttonbox1">
                    <property name="visible">True</property>
                    <child>
                      <object class="GtkButton" id="play_button">
                        <property name="visible">True</property>
                        <property name="can_focus">True</property>
                        <property name="receives_default">True</property>
                        <signal handler="on_play_button_clicked" name="clicked"/>
                        <child>
                          <object class="GtkHBox" id="hbox5">
                            <property name="visible">True</property>
                            <child>
                              <object class="GtkImage" id="image1">
                                <property name="visible">True</property>
                                <property name="stock">gtk-media-play</property>
                              </object>
                            </child>
                            <child>
                              <object class="GtkLabel" id="label3">
                                <property name="visible">True</property>
                                <property name="label" translatable="yes">Play</property>
                              </object>
                              <packing>
                                <property name="position">1</property>
                              </packing>
                            </child>
                          </object>
                        </child>
                      </object>
                    </child>
                    <child>
                      <object class="GtkButton" id="pause_button">
                        <property name="visible">True</property>
                        <property name="can_focus">True</property>
                        <property name="receives_default">True</property>
                        <signal handler="on_pause_button_clicked" name="clicked"/>
                        <child>
                          <object class="GtkHBox" id="hbox6">
                            <property name="visible">True</property>
                            <child>
                              <object class="GtkImage" id="image2">
                                <property name="visible">True</property>
                                <property name="stock">gtk-media-pause</property>
                              </object>
                            </child>
                            <child>
                              <object class="GtkLabel" id="label6">
                                <property name="visible">True</property>
                                <property name="label" translatable="yes">Pause</property>
                              </object>
                              <packing>
                                <property name="position">1</property>
                              </packing>
                            </child>
                          </object>
                        </child>
                      </object>
                      <packing>
                        <property name="position">1</property>
                      </packing>
                    </child>
                    <child>
                      <object class="GtkButton" id="step_button">
                        <property name="visible">True</property>
                        <property name="can_focus">True</property>
                        <property name="receives_default">True</property>
                        <signal handler="on_step_button_clicked" name="clicked"/>
                        <child>
                          <object class="GtkHBox" id="hbox7">
                            <property name="visible">True</property>
                            <child>
                              <object class="GtkImage" id="image3">
                                <property name="visible">True</property>
                                <property name="stock">gtk-media-next</property>
                              </object>
                            </child>
                            <child>
                              <object class="GtkLabel" id="label7">
                                <property name="visible">True</property>
                                <property name="label" translatable="yes">Step</property>
                              </object>
                              <packing>
                                <property name="position">1</property>
                              </packing>
                            </child>
                          </object>
                        </child>
                      </object>
                      <packing>
                        <property name="position">2</property>
                      </packing>
                    </child>
                  </object>
                  <packing>
                    <property name="expand">False</property>
                    <property name="fill">False</property>
                    <property name="position">9</property>
                  </packing>
                </child>
                <child>
                  <object class="GtkHSeparator" id="hseparator3">
                    <property name="visible">True</property>
                  </object>
                  <packing>
                    <property name="expand">False</property>
                    <property name="padding">4</property>
                    <property name="position">10</property>
                  </packing>
                </child>
                <child>
                  <object class="GtkButton" id="py_console">
                    <property name="visible">True</property>
                    <property name="can_focus">True</property>
                    <property name="receives_default">True</property>
                    <property name="has_tooltip">True</property>
                    <property name="tooltip_text">You can access the "framework" and "world" variables</property>
                    <property name="label" translatable="yes">Open Python Console</property>
                    <signal handler="on_py_console_clicked" name="clicked"/>
                  </object>
                  <packing>
                    <property name="expand">False</property>
                    <property name="fill">False</property>
                    <property name="position">11</property>
                  </packing>
                </child>
              </object>
              <packing>
                <property name="expand">False</property>
                <property name="fill">False</property>
                <property name="padding">4</property>
                <property name="position">1</property>
              </packing>
            </child>
          </object>
        </child>
        <child>
          <object class="GtkStatusbar" id="statusbar1">
            <property name="visible">True</property>
            <property name="spacing">2</property>
          </object>
          <packing>
            <property name="expand">False</property>
            <property name="position">1</property>
          </packing>
        </child>
      </object>
    </child>
  </object>
</interface>
